"P0",,,,,"P1",,,,"P2",,,
"Index [1]","X [mm]","Y [mm]","U [mm]","V [mm]","X [mm]","Y [mm]","U [mm]","V [mm]","X [mm]","Y [mm]","U [mm]","V [mm]"
0,3.48639,13.1489,0,0,3.5463,11.6245,0,0,5.10013,11.6548,0,0
1,3.48639,13.1489,0.0013029,-0.000106123,3.5463,11.6245,0.001436,-4.26678e-05,5.10013,11.6548,0.00115822,0.000120935
2,3.48639,13.1489,0.000545936,-9.81914e-05,3.5463,11.6245,0.000750103,0.000255688,5.10013,11.6548,0.000365457,0.000190001
3,3.48639,13.1489,-0.00167501,0.00812568,3.5463,11.6245,-0.00195791,0.00818892,5.10013,11.6548,-0.00199459,0.00821517
4,3.48639,13.1489,0.000255608,0.016606,3.5463,11.6245,0.00036123,0.016997,5.10013,11.6548,0.000167528,0.0170356
5,3.48639,13.1489,0.00193529,0.034591,3.5463,11.6245,0.00227998,0.0344677,5.10013,11.6548,0.00190383,0.034763
6,3.48639,13.1489,0.00212394,0.0517694,3.5463,11.6245,0.00221408,0.0520556,5.10013,11.6548,0.00188049,0.05199
7,3.48639,13.1489,0.00267909,0.0683004,3.5463,11.6245,0.00295129,0.0686013,5.10013,11.6548,0.00276115,0.0683245
8,3.48639,13.1489,0.00179176,0.0849977,3.5463,11.6245,0.00209151,0.0854864,5.10013,11.6548,0.00157293,0.0854159
9,3.48639,13.1489,0.00198886,0.102843,3.5463,11.6245,0.00224812,0.102927,5.10013,11.6548,0.00187628,0.102947
10,3.48639,13.1489,0.00299415,0.120169,3.5463,11.6245,0.00353598,0.120188,5.10013,11.6548,0.00298769,0.119994
11,3.48639,13.1489,0.00366992,0.137605,3.5463,11.6245,0.00397064,0.137637,5.10013,11.6548,0.00357802,0.137408
12,3.48639,13.1489,0.00312238,0.15619,3.5463,11.6245,0.00344751,0.156347,5.10013,11.6548,0.0029913,0.156354
13,3.48639,13.1489,0.00293144,0.172489,3.5463,11.6245,0.0032677,0.172931,5.10013,11.6548,0.00278874,0.172794
14,3.48639,13.1489,0.00259216,0.184845,3.5463,11.6245,0.00303018,0.18542,5.10013,11.6548,0.00255738,0.185223
15,3.48639,13.1489,0.00223847,0.192582,3.5463,11.6245,0.00259286,0.192855,5.10013,11.6548,0.00222598,0.192884
16,3.48639,13.1489,0.00817874,0.203336,3.5463,11.6245,0.00848057,0.203554,5.10013,11.6548,0.00811167,0.203379
17,3.48639,13.1489,0.0149555,0.215429,3.5463,11.6245,0.0150832,0.215574,5.10013,11.6548,0.0149707,0.215309
18,3.48639,13.1489,0.00959757,0.222992,3.5463,11.6245,0.00949507,0.223061,5.10013,11.6548,0.00956293,0.222889
19,3.48639,13.1489,0.00783565,0.224959,3.5463,11.6245,0.00787499,0.225175,5.10013,11.6548,0.00750622,0.225072
20,3.48639,13.1489,0.0115634,0.223889,3.5463,11.6245,0.0114478,0.224136,5.10013,11.6548,0.0110643,0.223992
21,3.48639,13.1489,0.0103548,0.221959,3.5463,11.6245,0.0104784,0.221948,5.10013,11.6548,0.0103175,0.221933
22,3.48639,13.1489,0.0106901,0.219158,3.5463,11.6245,0.0107834,0.219115,5.10013,11.6548,0.0107262,0.21888
23,3.48639,13.1489,0.0105182,0.215148,3.5463,11.6245,0.0105254,0.215121,5.10013,11.6548,0.0107293,0.214801
24,3.48639,13.1489,0.0109115,0.210642,3.5463,11.6245,0.0108182,0.210548,5.10013,11.6548,0.0109694,0.210395
25,3.48639,13.1489,0.0096081,0.206623,3.5463,11.6245,0.00972202,0.206329,5.10013,11.6548,0.00984538,0.206248
26,3.48639,13.1489,0.00849827,0.204399,3.5463,11.6245,0.0084015,0.204091,5.10013,11.6548,0.00839809,0.204014
27,3.48639,13.1489,0.00785016,0.203014,3.5463,11.6245,0.0075679,0.202501,5.10013,11.6548,0.00795145,0.202379
28,3.48639,13.1489,0.00632223,0.205809,3.5463,11.6245,0.00612285,0.205477,5.10013,11.6548,0.00654242,0.205052
29,3.48639,13.1489,0.00651424,0.209879,3.5463,11.6245,0.00631078,0.209467,5.10013,11.6548,0.00644745,0.209071
30,3.48639,13.1489,0.00582246,0.217454,3.5463,11.6245,0.00553972,0.216939,5.10013,11.6548,0.00561625,0.216711
31,3.48639,13.1489,0.00542211,0.224458,3.5463,11.6245,0.0047699,0.224157,5.10013,11.6548,0.0050922,0.223701
32,3.48639,13.1489,0.00604531,0.231172,3.5463,11.6245,0.00547209,0.230771,5.10013,11.6548,0.00582502,0.230216
33,3.48639,13.1489,0.00655668,0.237315,3.5463,11.6245,0.00583109,0.23674,5.10013,11.6548,0.00633188,0.236206
34,3.48639,13.1489,0.00689677,0.2445,3.5463,11.6245,0.00629131,0.243819,5.10013,11.6548,0.00667888,0.243267
35,3.48639,13.1489,0.00762718,0.252945,3.5463,11.6245,0.00667716,0.252328,5.10013,11.6548,0.00714235,0.251624
36,3.48639,13.1489,0.00807029,0.259751,3.5463,11.6245,0.0071432,0.259195,5.10013,11.6548,0.0074917,0.258593
37,3.48639,13.1489,0.0102235,0.269923,3.5463,11.6245,0.00930525,0.269441,5.10013,11.6548,0.00973787,0.26866
38,3.48639,13.1489,0.0110468,0.277472,3.5463,11.6245,0.0099787,0.277045,5.10013,11.6548,0.0105059,0.276217
39,3.48639,13.1489,0.0130106,0.286594,3.5463,11.6245,0.0121795,0.28603,5.10013,11.6548,0.0127812,0.284998
40,3.48639,13.1489,0.0144056,0.296324,3.5463,11.6245,0.0131528,0.295468,5.10013,11.6548,0.0138831,0.294538
41,3.48639,13.1489,0.0171174,0.304917,3.5463,11.6245,0.0158432,0.304324,5.10013,11.6548,0.0163148,0.303448
42,3.48639,13.1489,0.0195408,0.317168,3.5463,11.6245,0.0180694,0.316587,5.10013,11.6548,0.0185364,0.315391
43,3.48639,13.1489,0.0222969,0.327937,3.5463,11.6245,0.0208458,0.327366,5.10013,11.6548,0.0212772,0.326257
44,3.48639,13.1489,0.0267197,0.338879,3.5463,11.6245,0.0251908,0.33838,5.10013,11.6548,0.025894,0.336955
45,3.48639,13.1489,0.0321961,0.352878,3.5463,11.6245,0.0306601,0.352238,5.10013,11.6548,0.0313313,0.350776
46,3.48639,13.1489,0.0379476,0.368286,3.5463,11.6245,0.0363576,0.367558,5.10013,11.6548,0.0370653,0.36583
47,3.48639,13.1489,0.042483,0.381149,3.5463,11.6245,0.0404916,0.380108,5.10013,11.6548,0.0413184,0.377991
48,3.48639,13.1489,0.0478297,0.395319,3.5463,11.6245,0.0461086,0.394183,5.10013,11.6548,0.0466718,0.391939
49,3.48639,13.1489,0.0534978,0.411255,3.5463,11.6245,0.05138,0.410061,5.10013,11.6548,0.0520348,0.407447
50,3.48639,13.1489,0.0589972,0.428612,3.5463,11.6245,0.0567433,0.427579,5.10013,11.6548,0.057394,0.424764
51,3.48639,13.1489,0.0638558,0.443534,3.5463,11.6245,0.0612781,0.442603,5.10013,11.6548,0.0618787,0.439273
52,3.48639,13.1489,0.0696744,0.459538,3.5463,11.6245,0.0671681,0.458549,5.10013,11.6548,0.0676074,0.454979
53,3.48639,13.1489,0.073146,0.473481,3.5463,11.6245,0.0703754,0.472419,5.10013,11.6548,0.0711626,0.468706
54,3.48639,13.1489,0.0771938,0.491579,3.5463,11.6245,0.0744908,0.490594,5.10013,11.6548,0.0747373,0.486253
55,3.48639,13.1489,0.0799662,0.504849,3.5463,11.6245,0.0771402,0.50374,5.10013,11.6548,0.0775207,0.499096
56,3.48639,13.1489,0.0837244,0.518014,3.5463,11.6245,0.0807013,0.516922,5.10013,11.6548,0.08123,0.512512
57,3.48639,13.1489,0.0870628,0.533972,3.5463,11.6245,0.0837526,0.533297,5.10013,11.6548,0.0841743,0.528203
58,3.48639,13.1489,0.0898517,0.548268,3.5463,11.6245,0.0863902,0.54761,5.10013,11.6548,0.0868012,0.542246
59,3.48639,13.1489,0.0923224,0.558607,3.5463,11.6245,0.0885733,0.557487,5.10013,11.6548,0.0893194,0.55203
60,3.48639,13.1489,0.0925402,0.57324,3.5463,11.6245,0.0889268,0.57212,5.10013,11.6548,0.0894817,0.566482
61,3.48639,13.1489,0.0951903,0.592005,3.5463,11.6245,0.0911037,0.590928,5.10013,11.6548,0.0924383,0.586472
62,3.48639,13.1489,0.102796,0.608344,3.5463,11.6245,0.0929972,0.621242,5.10013,11.6548,0.0933165,0.614457
63,3.48639,13.1489,0.107666,0.615087,3.5463,11.6245,0.0959738,0.631927,5.10013,11.6548,0.0964302,0.620335
64,3.48639,13.1489,0.110048,0.623091,3.5463,11.6245,0.0971747,0.642804,5.10013,11.6548,0.0974049,0.629382
65,3.48639,13.1489,0.112004,0.630469,3.5463,11.6245,0.0975944,0.653102,5.10013,11.6548,0.0982092,0.638093
66,3.48639,13.1489,0.113459,0.639212,3.5463,11.6245,0.0979261,0.665118,5.10013,11.6548,0.0987947,0.647944
67,3.48639,13.1489,0.115969,0.644542,3.5463,11.6245,0.0993798,0.673886,5.10013,11.6548,0.0997469,0.654144
68,3.48639,13.1489,0.118829,0.652956,3.5463,11.6245,0.101329,0.685827,5.10013,11.6548,0.101809,0.663595
69,3.48639,13.1489,0.120181,0.662504,3.5463,11.6245,0.101835,0.699026,5.10013,11.6548,0.102341,0.674487
70,3.48639,13.1489,0.129338,0.671299,3.5463,11.6245,0.109719,0.711872,5.10013,11.6548,0.110258,0.685517
71,3.48639,13.1489,0.136944,0.682342,3.5463,11.6245,0.116937,0.727062,5.10013,11.6548,0.117253,0.699018
72,3.48639,13.1489,0.142025,0.694035,3.5463,11.6245,0.121351,0.7421,5.10013,11.6548,0.121234,0.712896
73,3.48639,13.1489,0.146045,0.706782,3.5463,11.6245,0.124677,0.756989,5.10013,11.6548,0.124951,0.726826
74,3.48639,13.1489,0.151093,0.71661,3.5463,11.6245,0.128574,0.769132,5.10013,11.6548,0.128905,0.737897
75,3.48639,13.1489,0.153749,0.726616,3.5463,11.6245,0.130346,0.780594,5.10013,11.6548,0.130918,0.748277
76,3.48639,13.1489,0.15639,0.736993,3.5463,11.6245,0.132067,0.793521,5.10013,11.6548,0.132045,0.759702
77,3.48639,13.1489,0.158056,0.743847,3.5463,11.6245,0.132683,0.802438,5.10013,11.6548,0.13284,0.766694
78,3.48639,13.1489,0.159484,0.75208,3.5463,11.6245,0.133066,0.81285,5.10013,11.6548,0.133363,0.775793
79,3.48639,13.1489,0.160768,0.760975,3.5463,11.6245,0.133384,0.82317,5.10013,11.6548,0.133471,0.784491
80,3.48639,13.1489,0.160334,0.772813,3.5463,11.6245,0.13215,0.836633,5.10013,11.6548,0.132253,0.79688
81,3.48639,13.1489,0.161909,0.783779,3.5463,11.6245,0.132818,0.848892,5.10013,11.6548,0.13272,0.808088
82,3.48639,13.1489,0.164214,0.796732,3.5463,11.6245,0.13413,0.863094,5.10013,11.6548,0.134348,0.820924
83,3.48639,13.1489,0.165247,0.802375,3.5463,11.6245,0.134331,0.869731,5.10013,11.6548,0.134486,0.826478
84,3.48639,13.1489,0.166424,0.812853,3.5463,11.6245,0.134975,0.881428,5.10013,11.6548,0.135104,0.836416
85,3.48639,13.1489,0.168911,0.820928,3.5463,11.6245,0.136213,0.891198,5.10013,11.6548,0.136105,0.84446
86,3.48639,13.1489,0.172333,0.838009,3.5463,11.6245,0.136257,0.903298,5.10013,11.6548,0.136197,0.853891
87,3.48639,13.1489,0.173648,0.848978,3.5463,11.6245,0.136447,0.914569,5.10013,11.6548,0.136186,0.863431
88,3.48639,13.1489,0.172038,0.858705,3.5463,11.6245,0.133483,0.924772,5.10013,11.6548,0.133817,0.872286
89,3.48639,13.1489,0.175353,0.862158,3.5463,11.6245,0.135539,0.928748,5.10013,11.6548,0.135093,0.874979
90,3.48639,13.1489,0.17931,0.872105,3.5463,11.6245,0.138524,0.938856,5.10013,11.6548,0.138331,0.884061
91,3.48639,13.1489,0.179079,0.879473,3.5463,11.6245,0.137561,0.946851,5.10013,11.6548,0.137234,0.89102
92,3.48639,13.1489,0.180653,0.886216,3.5463,11.6245,0.138141,0.95394,5.10013,11.6548,0.137717,0.897355
93,3.48639,13.1489,0.182003,0.892615,3.5463,11.6245,0.138343,0.961085,5.10013,11.6548,0.138362,0.903273
94,3.48639,13.1489,0.183775,0.893951,3.5463,11.6245,0.139114,0.96303,5.10013,11.6548,0.138696,0.903818
95,3.48639,13.1489,0.186134,0.897198,3.5463,11.6245,0.140819,0.966923,5.10013,11.6548,0.14018,0.906933
96,3.48639,13.1489,0.18699,0.906328,3.5463,11.6245,0.141283,0.976135,5.10013,11.6548,0.141145,0.915745
97,3.48639,13.1489,0.185434,0.920391,3.5463,11.6245,0.139885,0.99061,5.10013,11.6548,0.139586,0.930549
98,3.48639,13.1489,0.185061,0.928096,3.5463,11.6245,0.13945,0.99857,5.10013,11.6548,0.139239,0.938213
99,3.48639,13.1489,0.186355,0.922019,3.5463,11.6245,0.140513,0.992633,5.10013,11.6548,0.140385,0.931899
100,3.48639,13.1489,0.186777,0.91545,3.5463,11.6245,0.140567,0.986151,5.10013,11.6548,0.14039,0.924967
101,3.48639,13.1489,0.190143,0.914548,3.5463,11.6245,0.143711,0.985272,5.10013,11.6548,0.143283,0.923411
102,3.48639,13.1489,0.188434,0.918252,3.5463,11.6245,0.141475,0.989429,5.10013,11.6548,0.141176,0.927153
103,3.48639,13.1489,0.191413,0.926162,3.5463,11.6245,0.143714,0.997379,5.10013,11.6548,0.143443,0.934166
104,3.48639,13.1489,0.1917,0.927977,3.5463,11.6245,0.144304,0.99968,5.10013,11.6548,0.14348,0.936021
105,3.48639,13.1489,0.192185,0.932267,3.5463,11.6245,0.144486,1.00396,5.10013,11.6548,0.143841,0.939666
106,3.48639,13.1489,0.19359,0.938959,3.5463,11.6245,0.145609,1.01124,5.10013,11.6548,0.144789,0.946254
107,3.48639,13.1489,0.19455,0.942443,3.5463,11.6245,0.145943,1.01524,5.10013,11.6548,0.145148,0.949403
108,3.48639,13.1489,0.194426,0.947919,3.5463,11.6245,0.145317,1.02106,5.10013,11.6548,0.144688,0.954361
109,3.48639,13.1489,0.195768,0.955845,3.5463,11.6245,0.146565,1.02928,5.10013,11.6548,0.145838,0.961974
110,3.48639,13.1489,0.196034,0.962661,3.5463,11.6245,0.146274,1.03645,5.10013,11.6548,0.145593,0.96839
111,3.48639,13.1489,0.196088,0.96754,3.5463,11.6245,0.146108,1.04166,5.10013,11.6548,0.145221,0.972514
112,3.48639,13.1489,0.198081,0.972649,3.5463,11.6245,0.147506,1.04711,5.10013,11.6548,0.146579,0.977227
113,3.48639,13.1489,0.198806,0.978544,3.5463,11.6245,0.147691,1.05355,5.10013,11.6548,0.146419,0.982956
114,3.48639,13.1489,0.198931,0.98201,3.5463,11.6245,0.147022,1.05752,5.10013,11.6548,0.145698,0.985762
115,3.48639,13.1489,0.201131,0.984214,3.5463,11.6245,0.149142,1.05958,5.10013,11.6548,0.148061,0.986875
116,3.48639,13.1489,0.200678,0.98201,3.5463,11.6245,0.148395,1.05888,5.10013,11.6548,0.146976,0.986182
117,3.48639,13.1489,0.201208,0.974674,3.5463,11.6245,0.148204,1.05271,5.10013,11.6548,0.147119,0.98025
118,3.48639,13.1489,0.204087,0.972177,3.5463,11.6245,0.15098,1.05126,5.10013,11.6548,0.149772,0.978607
119,3.48639,13.1489,0.205332,0.972271,3.5463,11.6245,0.151396,1.05232,5.10013,11.6548,0.150938,0.979816
120,3.48639,13.1489,0.206537,0.976645,3.5463,11.6245,0.152723,1.05797,5.10013,11.6548,0.151564,0.985187
121,3.48639,13.1489,0.208781,0.980843,3.5463,11.6245,0.154554,1.06372,5.10013,11.6548,0.153354,0.990559
122,3.48639,13.1489,0.210026,0.984865,3.5463,11.6245,0.155497,1.06897,5.10013,11.6548,0.154307,0.995878
123,3.48639,13.1489,0.213152,0.991687,3.5463,11.6245,0.157837,1.07772,5.10013,11.6548,0.156569,1.00472
124,3.48639,13.1489,0.214176,0.997716,3.5463,11.6245,0.158488,1.08631,5.10013,11.6548,0.15718,1.01323
125,3.48639,13.1489,0.21721,1.0021,3.5463,11.6245,0.160782,1.09365,5.10013,11.6548,0.159522,1.02147
126,3.48639,13.1489,0.220945,0.999824,3.5463,11.6245,0.16426,1.09499,5.10013,11.6548,0.163215,1.02366
127,3.48639,13.1489,0.220971,1.00277,3.5463,11.6245,0.164324,1.10122,5.10013,11.6548,0.163216,1.03061
128,3.48639,13.1489,0.22315,1.00671,3.5463,11.6245,0.166216,1.10852,5.10013,11.6548,0.165083,1.03867
129,3.48639,13.1489,0.223525,1.0093,3.5463,11.6245,0.166455,1.11482,5.10013,11.6548,0.165669,1.04557
130,3.48639,13.1489,0.22503,1.00941,3.5463,11.6245,0.167751,1.11822,5.10013,11.6548,0.167011,1.04944
131,3.48639,13.1489,0.227902,1.01066,3.5463,11.6245,0.170721,1.12325,5.10013,11.6548,0.169731,1.05496
132,3.48639,13.1489,0.231719,1.01498,3.5463,11.6245,0.174035,1.13213,5.10013,11.6548,0.173183,1.06398
133,3.48639,13.1489,0.235602,1.0205,3.5463,11.6245,0.177424,1.14377,5.10013,11.6548,0.17583,1.07483
134,3.48639,13.1489,0.238058,1.0226,3.5463,11.6245,0.179328,1.15245,5.10013,11.6548,0.177433,1.08321
135,3.48639,13.1489,0.24201,1.02447,3.5463,11.6245,0.183129,1.16124,,,,
136,3.48639,13.1489,0.244856,1.02775,3.5463,11.6245,0.18573,1.17096,5.10013,11.6548,0.182717,1.10039
137,3.48639,13.1489,0.245832,1.03011,3.5463,11.6245,0.186563,1.17969,5.10013,11.6548,0.18303,1.10787
138,3.48639,13.1489,0.247034,1.03371,3.5463,11.6245,0.187394,1.18861,,,,
139,3.48639,13.1489,0.24628,1.03728,3.5463,11.6245,0.186645,1.19687,,,,
140,3.48639,13.1489,0.247238,1.03897,3.5463,11.6245,0.187622,1.20281,,,,
141,3.48639,13.1489,0.247358,1.04292,3.5463,11.6245,0.187816,1.21016,,,,
142,3.48639,13.1489,0.246682,1.04876,3.5463,11.6245,0.186814,1.21857,5.10013,11.6548,0.181039,1.14392
143,3.48639,13.1489,0.247879,1.05377,3.5463,11.6245,0.187944,1.22654,5.10013,11.6548,0.180859,1.15181
144,3.48639,13.1489,0.244892,1.05622,3.5463,11.6245,0.184811,1.23154,,,,
145,3.48639,13.1489,0.245407,1.05846,3.5463,11.6245,0.185159,1.23618,,,,
146,3.48639,13.1489,0.243045,1.07081,3.5463,11.6245,0.183589,1.24943,,,,
147,3.48639,13.1489,0.242435,1.07715,3.5463,11.6245,0.182755,1.25754,,,,
148,3.48639,13.1489,0.239083,1.0812,3.5463,11.6245,0.179567,1.26318,,,,
149,3.48639,13.1489,0.242844,1.08145,3.5463,11.6245,0.18264,1.26484,,,,
150,3.48639,13.1489,0.24348,1.08056,3.5463,11.6245,0.183235,1.26543,,,,
151,3.48639,13.1489,0.241994,1.07961,3.5463,11.6245,0.181495,1.26616,,,,
152,3.48639,13.1489,0.241231,1.07779,3.5463,11.6245,0.180644,1.26563,,,,
153,3.48639,13.1489,0.239842,1.07748,3.5463,11.6245,0.179436,1.26685,,,,
154,3.48639,13.1489,0.2395,1.07809,3.5463,11.6245,0.179084,1.26911,,,,
155,3.48639,13.1489,0.238549,1.0792,3.5463,11.6245,0.177539,1.27158,,,,
156,,,,,3.5463,11.6245,0.17634,1.27394,,,,
157,3.48639,13.1489,0.236212,1.08192,3.5463,11.6245,0.175186,1.27675,,,,
158,3.48639,13.1489,0.233929,1.08345,3.5463,11.6245,0.173006,1.27946,,,,
159,3.48639,13.1489,0.232339,1.08448,3.5463,11.6245,0.171326,1.28174,,,,
160,3.48639,13.1489,0.230692,1.08473,3.5463,11.6245,0.169836,1.28275,,,,
161,3.48639,13.1489,0.228144,1.08746,3.5463,11.6245,0.167703,1.28673,,,,
162,,,,,3.5463,11.6245,0.165489,1.28961,,,,
163,,,,,3.5463,11.6245,0.165276,1.29316,,,,
164,3.48639,13.1489,0.224163,1.0963,3.5463,11.6245,0.16333,1.29803,,,,
165,3.48639,13.1489,0.222071,1.09985,3.5463,11.6245,0.161401,1.30279,,,,
166,3.48639,13.1489,0.222882,1.1036,3.5463,11.6245,0.161943,1.30737,,,,
167,,,,,3.5463,11.6245,0.160864,1.30972,,,,
168,3.48639,13.1489,0.22132,1.11055,3.5463,11.6245,0.160683,1.31587,,,,
169,3.48639,13.1489,0.220305,1.11367,3.5463,11.6245,0.159653,1.31987,,,,
170,3.48639,13.1489,0.220145,1.11214,3.5463,11.6245,0.159446,1.31917,,,,
171,,,,,3.5463,11.6245,0.15813,1.32505,,,,
172,3.48639,13.1489,0.217337,1.12123,3.5463,11.6245,0.157079,1.32965,,,,
173,3.48639,13.1489,0.216565,1.12395,3.5463,11.6245,0.156205,1.33304,,,,
174,,,,,3.5463,11.6245,0.155127,1.33394,,,,
175,3.48639,13.1489,0.214185,1.12217,3.5463,11.6245,0.153706,1.33303,,,,
176,3.48639,13.1489,0.213347,1.12323,3.5463,11.6245,0.152839,1.33457,,,,
177,3.48639,13.1489,0.212816,1.12291,3.5463,11.6245,0.152235,1.33512,,,,
178,,,,,3.5463,11.6245,0.152662,1.33512,,,,
179,3.48639,13.1489,0.211747,1.12288,3.5463,11.6245,0.151322,1.33638,,,,
180,3.48639,13.1489,0.211122,1.12386,3.5463,11.6245,0.150719,1.33863,,,,
181,3.48639,13.1489,0.210475,1.12687,3.5463,11.6245,0.14968,1.34212,,,,
182,3.48639,13.1489,0.213891,1.12524,3.5463,11.6245,0.153305,1.34117,,,,
183,3.48639,13.1489,0.21202,1.12892,3.5463,11.6245,0.15121,1.34609,,,,
184,3.48639,13.1489,0.212306,1.13187,3.5463,11.6245,0.151228,1.34999,,,,
185,3.48639,13.1489,0.215192,1.13528,3.5463,11.6245,0.154309,1.35453,,,,
186,3.48639,13.1489,0.209996,1.13647,3.5463,11.6245,0.148811,1.35664,,,,
187,3.48639,13.1489,0.211493,1.13726,3.5463,11.6245,0.150567,1.35841,,,,
188,3.48639,13.1489,0.21036,1.13669,3.5463,11.6245,0.149355,1.35942,,,,
189,3.48639,13.1489,0.209951,1.139,3.5463,11.6245,0.148652,1.36273,,,,
190,3.48639,13.1489,0.210852,1.13994,3.5463,11.6245,0.149635,1.36489,,,,
191,3.48639,13.1489,0.210848,1.14101,3.5463,11.6245,0.149659,1.36745,,,,
192,3.48639,13.1489,0.211133,1.14373,3.5463,11.6245,0.149539,1.37133,,,,
193,3.48639,13.1489,0.212819,1.14791,3.5463,11.6245,0.151021,1.3765,,,,
194,3.48639,13.1489,0.213129,1.15021,3.5463,11.6245,0.151491,1.37989,,,,
195,3.48639,13.1489,0.214898,1.15382,3.5463,11.6245,0.153539,1.38519,,,,
196,3.48639,13.1489,0.215738,1.15518,3.5463,11.6245,0.154028,1.38748,,,,
197,,,,,3.5463,11.6245,0.155307,1.39213,,,,
198,3.48639,13.1489,0.218391,1.16212,3.5463,11.6245,0.156439,1.39681,,,,
199,3.48639,13.1489,0.220472,1.16412,3.5463,11.6245,0.158169,1.40005,,,,
200,3.48639,13.1489,0.220636,1.16752,3.5463,11.6245,0.158491,1.40426,,,,
201,3.48639,13.1489,0.219408,1.1673,3.5463,11.6245,0.156928,1.40532,,,,
202,3.48639,13.1489,0.223728,1.17229,3.5463,11.6245,0.161524,1.41152,,,,
203,3.48639,13.1489,0.225852,1.17509,3.5463,11.6245,0.163346,1.41528,,,,
204,3.48639,13.1489,0.226036,1.17818,3.5463,11.6245,0.163773,1.41924,,,,
205,3.48639,13.1489,0.227437,1.18171,3.5463,11.6245,0.164834,1.42338,,,,
206,3.48639,13.1489,0.227546,1.18334,3.5463,11.6245,0.164999,1.42598,,,,
207,3.48639,13.1489,0.231061,1.1844,3.5463,11.6245,0.167477,1.42824,,,,
208,3.48639,13.1489,0.232145,1.18807,3.5463,11.6245,0.168434,1.43323,,,,
209,3.48639,13.1489,0.233726,1.19157,3.5463,11.6245,0.169837,1.43802,,,,
210,3.48639,13.1489,0.233489,1.19562,3.5463,11.6245,0.169377,1.44367,,,,
211,3.48639,13.1489,0.234145,1.19921,3.5463,11.6245,0.170001,1.4487,,,,
212,3.48639,13.1489,0.236816,1.20264,3.5463,11.6245,0.172313,1.45346,,,,
213,3.48639,13.1489,0.237458,1.20796,3.5463,11.6245,0.172571,1.46005,,,,
214,3.48639,13.1489,0.235336,1.20825,3.5463,11.6245,0.170279,1.46221,,,,
215,,,,,3.5463,11.6245,0.170831,1.46703,,,,
216,3.48639,13.1489,0.23598,1.21029,3.5463,11.6245,0.171026,1.46765,,,,
217,3.48639,13.1489,0.237191,1.21162,3.5463,11.6245,0.17194,1.47061,,,,
218,3.48639,13.1489,0.237706,1.21285,3.5463,11.6245,0.172156,1.47341,,,,
219,3.48639,13.1489,0.237935,1.2131,3.5463,11.6245,0.172249,1.47541,,,,
220,3.48639,13.1489,0.237354,1.21644,3.5463,11.6245,0.171903,1.4806,,,,
221,3.48639,13.1489,0.238853,1.21636,3.5463,11.6245,0.173012,1.48177,,,,
222,3.48639,13.1489,0.237981,1.22043,3.5463,11.6245,0.172416,1.48788,,,,
223,3.48639,13.1489,0.237672,1.22247,3.5463,11.6245,0.171835,1.49198,,,,
224,3.48639,13.1489,0.238139,1.22546,3.5463,11.6245,0.171847,1.49647,,,,
225,3.48639,13.1489,0.238385,1.22841,3.5463,11.6245,0.172235,1.50152,,,,
226,3.48639,13.1489,0.23895,1.23149,3.5463,11.6245,0.172386,1.5062,,,,
227,3.48639,13.1489,0.240585,1.23286,3.5463,11.6245,0.173325,1.51031,,,,
228,3.48639,13.1489,0.241233,1.23184,3.5463,11.6245,0.173973,1.51216,,,,
229,3.48639,13.1489,0.239323,1.22697,3.5463,11.6245,0.172256,1.50892,,,,
230,3.48639,13.1489,0.24214,1.22896,3.5463,11.6245,0.174308,1.51205,,,,
231,3.48639,13.1489,0.243515,1.22631,3.5463,11.6245,0.175222,1.511,,,,
232,3.48639,13.1489,0.242992,1.22485,3.5463,11.6245,0.174927,1.51161,,,,
233,3.48639,13.1489,0.244764,1.22271,3.5463,11.6245,0.176774,1.51126,,,,
234,,,,,3.5463,11.6245,0.177149,1.51114,,,,
235,3.48639,13.1489,0.247924,1.21687,3.5463,11.6245,0.178275,1.50806,,,,
236,3.48639,13.1489,0.24872,1.21686,3.5463,11.6245,0.17976,1.51094,,,,
237,3.48639,13.1489,0.249881,1.21735,3.5463,11.6245,0.180296,1.51285,,,,
238,3.48639,13.1489,0.252016,1.21845,3.5463,11.6245,0.18181,1.51579,,,,
239,3.48639,13.1489,0.255494,1.21564,3.5463,11.6245,0.184774,1.51558,,,,
240,,,,,3.5463,11.6245,0.184697,1.51653,,,,
241,3.48639,13.1489,0.256695,1.21291,3.5463,11.6245,0.184824,1.52054,,,,
242,3.48639,13.1489,0.258862,1.2144,3.5463,11.6245,0.18616,1.52498,,,,
243,3.48639,13.1489,0.254846,1.21078,3.5463,11.6245,0.182547,1.52489,,,,
244,3.48639,13.1489,0.2631,1.21151,3.5463,11.6245,0.191053,1.52887,,,,
245,3.48639,13.1489,0.264029,1.2194,3.5463,11.6245,0.191547,1.5397,,,,
246,3.48639,13.1489,0.269215,1.22904,3.5463,11.6245,0.195955,1.55046,,,,
247,3.48639,13.1489,0.27142,1.24234,3.5463,11.6245,0.198073,1.56409,,,,
248,3.48639,13.1489,0.270519,1.24932,3.5463,11.6245,0.198661,1.57218,,,,
249,3.48639,13.1489,0.271605,1.25398,3.5463,11.6245,0.199684,1.57789,,,,
250,3.48639,13.1489,0.271751,1.25975,3.5463,11.6245,0.198726,1.58444,,,,
251,3.48639,13.1489,0.272776,1.26541,3.5463,11.6245,0.199249,1.59059,,,,
252,3.48639,13.1489,0.275391,1.26662,3.5463,11.6245,0.201288,1.5929,,,,
253,3.48639,13.1489,0.275921,1.26305,3.5463,11.6245,0.20238,1.5907,,,,
254,3.48639,13.1489,0.274738,1.25913,3.5463,11.6245,0.201034,1.58802,,,,
255,3.48639,13.1489,0.274265,1.25117,3.5463,11.6245,0.201249,1.5808,,,,
256,3.48639,13.1489,0.27719,1.2473,3.5463,11.6245,0.203196,1.57745,,,,
257,3.48639,13.1489,0.277097,1.24301,3.5463,11.6245,0.203312,1.57417,,,,
258,3.48639,13.1489,0.277641,1.24372,3.5463,11.6245,0.203474,1.576,,,,
259,3.48639,13.1489,0.279719,1.24611,3.5463,11.6245,0.204657,1.57907,,,,
260,3.48639,13.1489,0.280759,1.24875,3.5463,11.6245,0.205674,1.58219,,,,
261,3.48639,13.1489,0.281204,1.25194,3.5463,11.6245,0.205979,1.58608,,,,
262,3.48639,13.1489,0.27818,1.28439,3.5463,11.6245,0.205161,1.61901,,,,
263,3.48639,13.1489,0.279077,1.29132,3.5463,11.6245,0.20557,1.62642,,,,
264,3.48639,13.1489,0.280429,1.29411,3.5463,11.6245,0.206794,1.62929,,,,
265,3.48639,13.1489,0.286403,1.29389,3.5463,11.6245,0.212437,1.62938,,,,
266,3.48639,13.1489,0.284916,1.29709,3.5463,11.6245,0.210828,1.63317,,,,
267,3.48639,13.1489,0.282012,1.29507,3.5463,11.6245,0.207935,1.63188,,,,
268,3.48639,13.1489,0.285808,1.29537,3.5463,11.6245,0.210432,1.63175,,,,
269,3.48639,13.1489,0.286009,1.29217,3.5463,11.6245,0.211381,1.62997,,,,
270,3.48639,13.1489,0.286172,1.29255,3.5463,11.6245,0.211476,1.63089,,,,
271,3.48639,13.1489,0.289413,1.29272,3.5463,11.6245,0.213408,1.63022,,,,
272,3.48639,13.1489,0.288383,1.29329,3.5463,11.6245,0.212782,1.63195,,,,
273,3.48639,13.1489,0.290738,1.29425,3.5463,11.6245,0.21409,1.63342,,,,
274,3.48639,13.1489,0.291527,1.29629,3.5463,11.6245,0.21642,1.63704,,,,
275,3.48639,13.1489,0.292468,1.2948,3.5463,11.6245,0.216947,1.63553,,,,
276,3.48639,13.1489,0.291718,1.29561,3.5463,11.6245,0.216526,1.63717,,,,
277,3.48639,13.1489,0.293568,1.29774,3.5463,11.6245,0.217342,1.63933,,,,
278,,,,,3.5463,11.6245,0.217876,1.64021,,,,
279,3.48639,13.1489,0.293701,1.29682,3.5463,11.6245,0.216405,1.63875,,,,
280,,,,,3.5463,11.6245,0.217521,1.64194,,,,
281,3.48639,13.1489,0.294389,1.3002,3.5463,11.6245,0.218293,1.64456,,,,
282,3.48639,13.1489,0.296334,1.3013,3.5463,11.6245,0.218078,1.64508,,,,
283,3.48639,13.1489,0.294546,1.3,3.5463,11.6245,0.217899,1.64536,,,,
284,3.48639,13.1489,0.292232,1.30358,3.5463,11.6245,0.215653,1.64932,,,,
285,3.48639,13.1489,0.295844,1.30639,3.5463,11.6245,0.220255,1.65288,,,,
286,3.48639,13.1489,0.299726,1.31453,3.5463,11.6245,0.223627,1.66078,,,,
287,3.48639,13.1489,0.298874,1.32029,3.5463,11.6245,0.222197,1.66696,,,,
288,3.48639,13.1489,0.299372,1.32296,3.5463,11.6245,0.222355,1.66856,,,,
289,3.48639,13.1489,0.298748,1.324,3.5463,11.6245,0.222229,1.67114,,,,
290,3.48639,13.1489,0.299445,1.32455,3.5463,11.6245,0.222938,1.67154,,,,
291,,,,,3.5463,11.6245,0.221639,1.67307,,,,
292,3.48639,13.1489,0.301615,1.32777,3.5463,11.6245,0.224809,1.67523,,,,
293,3.48639,13.1489,0.302489,1.33228,3.5463,11.6245,0.226059,1.68056,,,,
294,3.48639,13.1489,0.300229,1.33254,3.5463,11.6245,0.224023,1.68112,,,,
295,3.48639,13.1489,0.312092,1.32912,3.5463,11.6245,0.233567,1.67954,,,,
296,3.48639,13.1489,0.310704,1.31263,3.5463,11.6245,0.232091,1.66304,,,,
297,3.48639,13.1489,0.312514,1.31824,3.5463,11.6245,0.232666,1.66729,,,,
298,3.48639,13.1489,0.314185,1.32008,,,,,,,,
299,3.48639,13.1489,0.314803,1.32157,3.5463,11.6245,0.23601,1.6722,,,,
300,3.48639,13.1489,0.316485,1.32598,3.5463,11.6245,0.237282,1.67798,,,,
301,3.48639,13.1489,0.318188,1.33145,3.5463,11.6245,0.239669,1.68385,,,,
302,3.48639,13.1489,0.320674,1.33421,3.5463,11.6245,0.241418,1.6864,,,,
303,3.48639,13.1489,0.322733,1.34014,,,,,,,,
304,3.48639,13.1489,0.322571,1.34148,3.5463,11.6245,0.241493,1.69457,,,,
305,3.48639,13.1489,0.326087,1.34482,3.5463,11.6245,0.246527,1.69812,,,,
306,3.48639,13.1489,0.327047,1.34797,3.5463,11.6245,0.246771,1.7018,,,,
307,3.48639,13.1489,0.331044,1.34955,3.5463,11.6245,0.249327,1.70375,,,,
308,3.48639,13.1489,0.327462,1.34981,3.5463,11.6245,0.247098,1.70487,,,,
309,3.48639,13.1489,0.331224,1.34768,3.5463,11.6245,0.249519,1.70391,,,,
310,3.48639,13.1489,0.337713,1.35437,3.5463,11.6245,0.255015,1.70902,,,,
311,3.48639,13.1489,0.34281,1.3513,3.5463,11.6245,0.260326,1.7085,,,,
312,3.48639,13.1489,0.343262,1.34986,,,,,,,,
313,3.48639,13.1489,0.342632,1.34989,3.5463,11.6245,0.260359,1.70786,,,,
314,3.48639,13.1489,0.34635,1.35067,,,,,,,,
315,3.48639,13.1489,0.34643,1.3506,3.5463,11.6245,0.263131,1.70775,,,,
316,3.48639,13.1489,0.347722,1.35118,3.5463,11.6245,0.266018,1.70918,,,,
317,3.48639,13.1489,0.347738,1.35569,3.5463,11.6245,0.264427,1.71331,,,,
318,3.48639,13.1489,0.346831,1.35752,,,,,,,,
319,3.48639,13.1489,0.35058,1.35738,,,,,,,,
320,3.48639,13.1489,0.348361,1.36311,3.5463,11.6245,0.26556,1.72442,,,,
321,3.48639,13.1489,0.348151,1.3665,3.5463,11.6245,0.266077,1.72659,,,,
322,3.48639,13.1489,0.352811,1.365,,,,,,,,
323,3.48639,13.1489,0.35296,1.3708,,,,,,,,
324,3.48639,13.1489,0.355003,1.37528,3.5463,11.6245,0.271958,1.73577,,,,
325,3.48639,13.1489,0.351282,1.3773,3.5463,11.6245,0.268209,1.73838,,,,
326,3.48639,13.1489,0.354107,1.38053,3.5463,11.6245,0.271963,1.74247,,,,
327,3.48639,13.1489,0.351493,1.38515,3.5463,11.6245,0.268895,1.74925,,,,
328,3.48639,13.1489,0.355616,1.38769,3.5463,11.6245,0.273376,1.75096,,,,
329,3.48639,13.1489,0.356367,1.38986,3.5463,11.6245,0.272604,1.75206,,,,
330,3.48639,13.1489,0.356177,1.39209,3.5463,11.6245,0.273871,1.75591,,,,
331,,,,,3.5463,11.6245,0.274985,1.75607,,,,
332,3.48639,13.1489,0.357521,1.39418,3.5463,11.6245,0.275391,1.75894,,,,
333,3.48639,13.1489,0.359364,1.39333,3.5463,11.6245,0.276914,1.75776,,,,
334,3.48639,13.1489,0.359477,1.39187,3.5463,11.6245,0.277461,1.75699,,,,
335,3.48639,13.1489,0.361916,1.39152,3.5463,11.6245,0.278618,1.75558,,,,
336,3.48639,13.1489,0.361178,1.39051,3.5463,11.6245,0.278295,1.75576,,,,
337,3.48639,13.1489,0.364819,1.39158,,,,,,,,
338,3.48639,13.1489,0.365004,1.39377,3.5463,11.6245,0.281315,1.75881,,,,
339,3.48639,13.1489,0.361002,1.39142,,,,,,,,
340,3.48639,13.1489,0.365432,1.39201,3.5463,11.6245,0.282638,1.75921,,,,
341,3.48639,13.1489,0.366393,1.39373,3.5463,11.6245,0.282381,1.76051,,,,
342,3.48639,13.1489,0.36843,1.39384,,,,,,,,
343,3.48639,13.1489,0.368354,1.39432,3.5463,11.6245,0.285517,1.76321,,,,
344,3.48639,13.1489,0.369508,1.39659,3.5463,11.6245,0.286315,1.7658,,,,
345,3.48639,13.1489,0.371206,1.39688,3.5463,11.6245,0.288217,1.76634,,,,
346,3.48639,13.1489,0.3714,1.39822,3.5463,11.6245,0.288473,1.7681,,,,
347,3.48639,13.1489,0.372174,1.3987,3.5463,11.6245,0.289157,1.76945,,,,
348,3.48639,13.1489,0.372941,1.39974,3.5463,11.6245,0.289616,1.77121,,,,
349,3.48639,13.1489,0.374918,1.40436,3.5463,11.6245,0.290006,1.77478,,,,
350,3.48639,13.1489,0.37416,1.40459,,,,,,,,
351,3.48639,13.1489,0.375029,1.40637,,,,,,,,
352,3.48639,13.1489,0.376369,1.40879,,,,,,,,
353,3.48639,13.1489,0.378341,1.41031,,,,,,,,
354,3.48639,13.1489,0.377533,1.41148,,,,,,,,
355,3.48639,13.1489,0.378705,1.41239,3.5463,11.6245,0.295125,1.78675,,,,
356,3.48639,13.1489,0.380089,1.41351,3.5463,11.6245,0.296442,1.78943,,,,
357,3.48639,13.1489,0.38194,1.41665,,,,,,,,
358,3.48639,13.1489,0.38311,1.41718,3.5463,11.6245,0.297776,1.79181,,,,
359,3.48639,13.1489,0.382354,1.41824,3.5463,11.6245,0.298346,1.79424,,,,
360,3.48639,13.1489,0.383468,1.41817,3.5463,11.6245,0.299369,1.79504,,,,
361,3.48639,13.1489,0.38717,1.41307,,,,,,,,
362,3.48639,13.1489,0.385843,1.42177,3.5463,11.6245,0.300559,1.79865,,,,
363,3.48639,13.1489,0.387654,1.42288,3.5463,11.6245,0.303212,1.80138,,,,
364,3.48639,13.1489,0.386794,1.42262,,,,,,,,
365,3.48639,13.1489,0.385328,1.41521,3.5463,11.6245,0.301033,1.79472,,,,
366,3.48639,13.1489,0.386207,1.42459,,,,,,,,
367,3.48639,13.1489,0.38962,1.42732,3.5463,11.6245,0.304158,1.80635,,,,
368,3.48639,13.1489,0.388759,1.42852,3.5463,11.6245,0.304552,1.80821,,,,
369,3.48639,13.1489,0.390635,1.43267,3.5463,11.6245,0.305411,1.81308,,,,
370,3.48639,13.1489,0.389819,1.43507,,,,,,,,
371,3.48639,13.1489,0.393287,1.43764,3.5463,11.6245,0.307902,1.81789,,,,
372,3.48639,13.1489,0.395028,1.43856,3.5463,11.6245,0.309115,1.8195,,,,
373,3.48639,13.1489,0.395998,1.4423,,,,,,,,
374,3.48639,13.1489,0.398497,1.44201,3.5463,11.6245,0.313835,1.82489,,,,
375,3.48639,13.1489,0.395718,1.44086,,,,,,,,
376,3.48639,13.1489,0.396757,1.4382,,,,,,,,
377,3.48639,13.1489,0.396864,1.43226,3.5463,11.6245,0.312161,1.81701,,,,
378,3.48639,13.1489,0.398437,1.43079,3.5463,11.6245,0.314089,1.81531,,,,
379,3.48639,13.1489,0.398612,1.43362,,,,,,,,
380,3.48639,13.1489,0.400234,1.43668,3.5463,11.6245,0.314587,1.82117,,,,
381,3.48639,13.1489,0.400581,1.43802,3.5463,11.6245,0.316174,1.82355,,,,
382,3.48639,13.1489,0.402372,1.44042,,,,,,,,
383,3.48639,13.1489,0.402899,1.44226,,,,,,,,
384,3.48639,13.1489,0.403678,1.44348,3.5463,11.6245,0.318201,1.83187,,,,
385,3.48639,13.1489,0.404629,1.44492,3.5463,11.6245,0.320414,1.83214,,,,
386,3.48639,13.1489,0.405615,1.44646,,,,,,,,
387,3.48639,13.1489,0.40656,1.44944,,,,,,,,
388,3.48639,13.1489,0.407106,1.44971,3.5463,11.6245,0.322332,1.8379,,,,
389,3.48639,13.1489,0.409102,1.45195,3.5463,11.6245,0.323487,1.84018,,,,
390,3.48639,13.1489,0.409724,1.45447,,,,,,,,
391,3.48639,13.1489,0.405475,1.45405,3.5463,11.6245,0.320219,1.84372,,,,
392,3.48639,13.1489,0.40901,1.45947,,,,,,,,
393,3.48639,13.1489,0.408154,1.48493,3.5463,11.6245,0.3235,1.87383,,,,
394,,,,,3.5463,11.6245,0.323252,1.87766,,,,
395,3.48639,13.1489,0.410041,1.49235,3.5463,11.6245,0.325975,1.88302,,,,
396,3.48639,13.1489,0.411518,1.49345,3.5463,11.6245,0.325616,1.88539,,,,
397,3.48639,13.1489,0.416074,1.49489,3.5463,11.6245,0.331703,1.88631,,,,
398,3.48639,13.1489,0.415609,1.49275,3.5463,11.6245,0.330691,1.8847,,,,
399,3.48639,13.1489,0.416268,1.49235,3.5463,11.6245,0.331703,1.8843,,,,
400,3.48639,13.1489,0.417042,1.4915,3.5463,11.6245,0.332505,1.88411,,,,
401,3.48639,13.1489,0.420184,1.49138,3.5463,11.6245,0.33541,1.88406,,,,
402,3.48639,13.1489,0.420008,1.49106,3.5463,11.6245,0.334858,1.88413,,,,
403,3.48639,13.1489,0.420833,1.48991,3.5463,11.6245,0.335358,1.88352,,,,
404,3.48639,13.1489,0.423127,1.49108,3.5463,11.6245,0.336924,1.88487,,,,
405,3.48639,13.1489,0.421848,1.49039,3.5463,11.6245,0.336665,1.88455,,,,
406,3.48639,13.1489,0.423529,1.49101,3.5463,11.6245,0.338101,1.8855,,,,
407,3.48639,13.1489,0.424984,1.49283,3.5463,11.6245,0.338547,1.88734,,,,
408,3.48639,13.1489,0.427852,1.49449,,,,,,,,
409,3.48639,13.1489,0.426366,1.49511,3.5463,11.6245,0.34061,1.89103,,,,
410,3.48639,13.1489,0.427798,1.49618,3.5463,11.6245,0.341924,1.89236,,,,
411,3.48639,13.1489,0.428806,1.4963,,,,,,,,
412,3.48639,13.1489,0.429899,1.49846,3.5463,11.6245,0.342615,1.89468,,,,
413,,,,,3.5463,11.6245,0.341065,1.89972,,,,
414,3.48639,13.1489,0.429826,1.50223,3.5463,11.6245,0.343553,1.90032,,,,
415,,,,,3.5463,11.6245,0.345995,1.90299,,,,
416,3.48639,13.1489,0.433511,1.50523,3.5463,11.6245,0.347286,1.90361,,,,
417,3.48639,13.1489,0.430269,1.50942,3.5463,11.6245,0.342853,1.90938,,,,
418,,,,,,,,,,,,
419,,,,,3.5463,11.6245,0.348169,1.9124,,,,
420,,,,,3.5463,11.6245,0.349572,1.91397,,,,
421,3.48639,13.1489,0.43694,1.51635,3.5463,11.6245,0.349404,1.91643,,,,
422,,,,,3.5463,11.6245,0.350253,1.91825,,,,
423,,,,,3.5463,11.6245,0.350685,1.92264,,,,
424,,,,,3.5463,11.6245,0.350459,1.92241,,,,
425,,,,,3.5463,11.6245,0.351717,1.92864,,,,
426,,,,,3.5463,11.6245,0.35071,1.92933,,,,
427,,,,,3.5463,11.6245,0.354994,1.93295,,,,
428,,,,,3.5463,11.6245,0.354137,1.93396,,,,
429,3.48639,13.1489,0.445371,1.53461,3.5463,11.6245,0.357568,1.93957,,,,
430,,,,,3.5463,11.6245,0.356321,1.9415,,,,
431,3.48639,13.1489,0.444015,1.53734,3.5463,11.6245,0.35622,1.94306,,,,
432,,,,,3.5463,11.6245,0.355577,1.94691,,,,
433,3.48639,13.1489,0.447545,1.5423,3.5463,11.6245,0.357522,1.9489,,,,
434,,,,,,,,,,,,
435,3.48639,13.1489,0.45072,1.54477,3.5463,11.6245,0.361891,1.95267,,,,
436,,,,,3.5463,11.6245,0.361807,1.95764,,,,
437,,,,,,,,,,,,
438,,,,,,,,,,,,
439,3.48639,13.1489,0.448237,1.55166,,,,,,,,
440,3.48639,13.1489,0.454028,1.55224,,,,,,,,
441,3.48639,13.1489,0.454484,1.54877,3.5463,11.6245,0.365406,1.96122,,,,
442,,,,,3.5463,11.6245,0.367644,1.96765,,,,
443,3.48639,13.1489,0.459462,1.55248,3.5463,11.6245,0.369131,1.96744,,,,
444,3.48639,13.1489,0.460498,1.55157,3.5463,11.6245,0.370395,1.96647,,,,
445,3.48639,13.1489,0.460694,1.55292,,,,,,,,
446,,,,,,,,,,,,
447,3.48639,13.1489,0.464674,1.55526,,,,,,,,
448,3.48639,13.1489,0.466224,1.55629,,,,,,,,
449,3.48639,13.1489,0.467628,1.5604,,,,,,,,
450,3.48639,13.1489,0.46813,1.5593,3.5463,11.6245,0.376456,1.97991,,,,
451,,,,,3.5463,11.6245,0.377883,1.98129,,,,
452,,,,,,,,,,,,
453,3.48639,13.1489,0.47233,1.56354,,,,,,,,
454,,,,,,,,,,,,
455,,,,,,,,,,,,
456,,,,,3.5463,11.6245,0.383639,1.99026,,,,
457,,,,,,,,,,,,
458,3.48639,13.1489,0.480614,1.56623,,,,,,,,
459,3.48639,13.1489,0.481975,1.56541,,,,,,,,
460,3.48639,13.1489,0.486627,1.56917,,,,,,,,
461,3.48639,13.1489,0.484527,1.56776,,,,,,,,
462,,,,,,,,,,,,
463,,,,,,,,,,,,
464,3.48639,13.1489,0.571352,1.56975,,,,,,,,
465,,,,,,,,,,,,
466,3.48639,13.1489,0.590269,1.57989,,,,,,,,
467,3.48639,13.1489,0.600124,1.58683,,,,,,,,
468,3.48639,13.1489,0.605998,1.59134,,,,,,,,
469,3.48639,13.1489,0.614849,1.59869,,,,,,,,
470,3.48639,13.1489,0.61914,1.60683,,,,,,,,
471,,,,,,,,,,,,
472,,,,,,,,,,,,
473,,,,,,,,,,,,
474,,,,,,,,,,,,
475,,,,,,,,,,,,
476,3.48639,13.1489,0.654972,1.64883,,,,,,,,
477,,,,,,,,,,,,
478,3.48639,13.1489,0.665317,1.66567,,,,,,,,
479,,,,,,,,,,,,
480,,,,,,,,,,,,
481,3.48639,13.1489,0.681075,1.6889,,,,,,,,
482,3.48639,13.1489,0.689184,1.69232,,,,,,,,
483,3.48639,13.1489,0.696961,1.68856,,,,,,,,
484,3.48639,13.1489,0.70191,1.68957,,,,,,,,
485,3.48639,13.1489,0.704692,1.69227,,,,,,,,
486,3.48639,13.1489,0.708531,1.69673,,,,,,,,
487,,,,,,,,,,,,
488,,,,,,,,,,,,
489,3.48639,13.1489,0.717694,1.7046,,,,,,,,
490,3.48639,13.1489,0.724026,1.70488,,,,,,,,
491,,,,,,,,,,,,
492,3.48639,13.1489,0.728623,1.72031,,,,,,,,
493,3.48639,13.1489,0.733863,1.72365,,,,,,,,
494,3.48639,13.1489,0.737784,1.72893,,,,,,,,
495,,,,,,,,,,,,
496,3.48639,13.1489,0.747385,1.73803,,,,,,,,
497,,,,,,,,,,,,
498,3.48639,13.1489,0.739963,1.75302,,,,,,,,
499,,,,,,,,,,,,
500,3.48639,13.1489,0.735775,1.76787,,,,,,,,
501,,,,,,,,,,,,
502,,,,,,,,,,,,
503,3.48639,13.1489,0.750557,1.78564,,,,,,,,
504,3.48639,13.1489,0.755193,1.7915,,,,,,,,
505,3.48639,13.1489,0.758691,1.79801,,,,,,,,
506,,,,,,,,,,,,
507,,,,,,,,,,,,
508,,,,,,,,,,,,
509,3.48639,13.1489,0.774976,1.82132,,,,,,,,
510,,,,,,,,,,,,
511,,,,,,,,,,,,
512,,,,,,,,,,,,
513,,,,,,,,,,,,
514,,,,,,,,,,,,
515,,,,,,,,,,,,
516,,,,,,,,,,,,
517,,,,,,,,,,,,
518,,,,,,,,,,,,
519,,,,,,,,,,,,
520,,,,,,,,,,,,
521,,,,,,,,,,,,
522,,,,,,,,,,,,
523,,,,,,,,,,,,
524,,,,,,,,,,,,
525,,,,,,,,,,,,
526,,,,,,,,,,,,
527,,,,,,,,,,,,
528,,,,,,,,,,,,
529,,,,,,,,,,,,
530,,,,,,,,,,,,
531,,,,,,,,,,,,
532,,,,,,,,,,,,
533,,,,,,,,,,,,
534,,,,,,,,,,,,
535,,,,,,,,,,,,
536,,,,,,,,,,,,
537,,,,,,,,,,,,
538,,,,,,,,,,,,
539,,,,,,,,,,,,
540,,,,,,,,,,,,
541,,,,,,,,,,,,
542,,,,,,,,,,,,
543,,,,,,,,,,,,
544,,,,,,,,,,,,
545,,,,,,,,,,,,
546,,,,,,,,,,,,
547,,,,,,,,,,,,
548,,,,,,,,,,,,
549,,,,,,,,,,,,
550,,,,,,,,,,,,
551,,,,,,,,,,,,
552,,,,,,,,,,,,
553,,,,,,,,,,,,
554,,,,,,,,,,,,
555,,,,,,,,,,,,
556,,,,,,,,,,,,
557,,,,,,,,,,,,
558,,,,,,,,,,,,
559,,,,,,,,,,,,
560,,,,,,,,,,,,
561,,,,,,,,,,,,
562,,,,,,,,,,,,
563,,,,,,,,,,,,
564,,,,,,,,,,,,
565,,,,,,,,,,,,
566,,,,,,,,,,,,
567,,,,,,,,,,,,
568,,,,,,,,,,,,
569,,,,,,,,,,,,
570,,,,,,,,,,,,
571,,,,,,,,,,,,
572,,,,,,,,,,,,
573,,,,,,,,,,,,
574,,,,,,,,,,,,
575,,,,,,,,,,,,
576,,,,,,,,,,,,
577,,,,,,,,,,,,
578,,,,,,,,,,,,
579,,,,,,,,,,,,
580,,,,,,,,,,,,
581,,,,,,,,,,,,
582,,,,,,,,,,,,
583,,,,,,,,,,,,
584,,,,,,,,,,,,
585,,,,,,,,,,,,
586,,,,,,,,,,,,
587,,,,,,,,,,,,
588,,,,,,,,,,,,
589,,,,,,,,,,,,
590,,,,,,,,,,,,
591,,,,,,,,,,,,
592,,,,,,,,,,,,
593,,,,,,,,,,,,
594,,,,,,,,,,,,
595,,,,,,,,,,,,
596,,,,,,,,,,,,
597,,,,,,,,,,,,
598,,,,,,,,,,,,
599,,,,,,,,,,,,
600,,,,,,,,,,,,
601,,,,,,,,,,,,
602,,,,,,,,,,,,
603,,,,,,,,,,,,
604,,,,,,,,,,,,
605,,,,,,,,,,,,
606,,,,,,,,,,,,
607,,,,,,,,,,,,
608,,,,,,,,,,,,
609,,,,,,,,,,,,
610,,,,,,,,,,,,
611,,,,,,,,,,,,
612,,,,,,,,,,,,
613,,,,,,,,,,,,
614,,,,,,,,,,,,
615,,,,,,,,,,,,
616,,,,,,,,,,,,
617,,,,,,,,,,,,
618,,,,,,,,,,,,
619,,,,,,,,,,,,
620,,,,,,,,,,,,
621,,,,,,,,,,,,
622,,,,,,,,,,,,
623,,,,,,,,,,,,
624,,,,,,,,,,,,
625,,,,,,,,,,,,
626,,,,,,,,,,,,
627,,,,,,,,,,,,
628,,,,,,,,,,,,
629,,,,,,,,,,,,
630,,,,,,,,,,,,
631,,,,,,,,,,,,
632,,,,,,,,,,,,
633,,,,,,,,,,,,
634,,,,,,,,,,,,
635,,,,,,,,,,,,
636,,,,,,,,,,,,
637,,,,,,,,,,,,
638,,,,,,,,,,,,
639,,,,,,,,,,,,
640,,,,,,,,,,,,
641,,,,,,,,,,,,
642,,,,,,,,,,,,
643,,,,,,,,,,,,
644,,,,,,,,,,,,
645,,,,,,,,,,,,
646,,,,,,,,,,,,
647,,,,,,,,,,,,
648,,,,,,,,,,,,
649,,,,,,,,,,,,
650,,,,,,,,,,,,
651,,,,,,,,,,,,
652,,,,,,,,,,,,
653,,,,,,,,,,,,
654,,,,,,,,,,,,
655,,,,,,,,,,,,
656,,,,,,,,,,,,
657,,,,,,,,,,,,
658,,,,,,,,,,,,
659,,,,,,,,,,,,
660,,,,,,,,,,,,
661,,,,,,,,,,,,
662,,,,,,,,,,,,
663,,,,,,,,,,,,
664,,,,,,,,,,,,
665,,,,,,,,,,,,
666,,,,,,,,,,,,
667,,,,,,,,,,,,
668,,,,,,,,,,,,
669,,,,,,,,,,,,
670,,,,,,,,,,,,
671,,,,,,,,,,,,
672,,,,,,,,,,,,
673,,,,,,,,,,,,
674,,,,,,,,,,,,
675,,,,,,,,,,,,
676,,,,,,,,,,,,
677,,,,,,,,,,,,
678,,,,,,,,,,,,
679,,,,,,,,,,,,
680,,,,,,,,,,,,
681,,,,,,,,,,,,
682,,,,,,,,,,,,
683,,,,,,,,,,,,
684,,,,,,,,,,,,
685,,,,,,,,,,,,
686,,,,,,,,,,,,
687,,,,,,,,,,,,
688,,,,,,,,,,,,
689,,,,,,,,,,,,
690,,,,,,,,,,,,
691,,,,,,,,,,,,
692,,,,,,,,,,,,
693,,,,,,,,,,,,
694,,,,,,,,,,,,
695,,,,,,,,,,,,
696,,,,,,,,,,,,
697,,,,,,,,,,,,
698,,,,,,,,,,,,
699,,,,,,,,,,,,
700,,,,,,,,,,,,
701,,,,,,,,,,,,
702,,,,,,,,,,,,
703,,,,,,,,,,,,
704,,,,,,,,,,,,
705,,,,,,,,,,,,
706,,,,,,,,,,,,
707,,,,,,,,,,,,
708,,,,,,,,,,,,
709,,,,,,,,,,,,
710,,,,,,,,,,,,
711,,,,,,,,,,,,
712,,,,,,,,,,,,
713,,,,,,,,,,,,
714,,,,,,,,,,,,
715,,,,,,,,,,,,
716,,,,,,,,,,,,
717,,,,,,,,,,,,
718,,,,,,,,,,,,
719,,,,,,,,,,,,
720,,,,,,,,,,,,
721,,,,,,,,,,,,
722,,,,,,,,,,,,
723,,,,,,,,,,,,
724,,,,,,,,,,,,
725,,,,,,,,,,,,
726,,,,,,,,,,,,
727,,,,,,,,,,,,
728,,,,,,,,,,,,
729,,,,,,,,,,,,
730,,,,,,,,,,,,
731,,,,,,,,,,,,
732,,,,,,,,,,,,
733,,,,,,,,,,,,
734,,,,,,,,,,,,
735,,,,,,,,,,,,
736,,,,,,,,,,,,
737,,,,,,,,,,,,
738,,,,,,,,,,,,
739,,,,,,,,,,,,
740,,,,,,,,,,,,
741,,,,,,,,,,,,
742,,,,,,,,,,,,
743,,,,,,,,,,,,
744,,,,,,,,,,,,
745,,,,,,,,,,,,
746,,,,,,,,,,,,
747,,,,,,,,,,,,
748,,,,,,,,,,,,
749,,,,,,,,,,,,
750,,,,,,,,,,,,
751,,,,,,,,,,,,
752,,,,,,,,,,,,
753,,,,,,,,,,,,
754,,,,,,,,,,,,
755,,,,,,,,,,,,
756,,,,,,,,,,,,
757,,,,,,,,,,,,
758,,,,,,,,,,,,
759,,,,,,,,,,,,
760,,,,,,,,,,,,
761,,,,,,,,,,,,
762,,,,,,,,,,,,
763,,,,,,,,,,,,
764,,,,,,,,,,,,
765,,,,,,,,,,,,
766,,,,,,,,,,,,
767,,,,,,,,,,,,
768,,,,,,,,,,,,
769,,,,,,,,,,,,
770,,,,,,,,,,,,
771,,,,,,,,,,,,
772,,,,,,,,,,,,
773,,,,,,,,,,,,
774,,,,,,,,,,,,
775,,,,,,,,,,,,
776,,,,,,,,,,,,
777,,,,,,,,,,,,
778,,,,,,,,,,,,
779,,,,,,,,,,,,
780,,,,,,,,,,,,
781,,,,,,,,,,,,
782,,,,,,,,,,,,
783,,,,,,,,,,,,
784,,,,,,,,,,,,
785,,,,,,,,,,,,
786,,,,,,,,,,,,
787,,,,,,,,,,,,
788,,,,,,,,,,,,
789,,,,,,,,,,,,
790,,,,,,,,,,,,
791,,,,,,,,,,,,
792,,,,,,,,,,,,
793,,,,,,,,,,,,
794,,,,,,,,,,,,
795,,,,,,,,,,,,
796,,,,,,,,,,,,
797,,,,,,,,,,,,
798,,,,,,,,,,,,
799,,,,,,,,,,,,
800,,,,,,,,,,,,
801,,,,,,,,,,,,
802,,,,,,,,,,,,
803,,,,,,,,,,,,
804,,,,,,,,,,,,
805,,,,,,,,,,,,
806,,,,,,,,,,,,
807,,,,,,,,,,,,
808,,,,,,,,,,,,
809,,,,,,,,,,,,
810,,,,,,,,,,,,
811,,,,,,,,,,,,
812,,,,,,,,,,,,
813,,,,,,,,,,,,
814,,,,,,,,,,,,
815,,,,,,,,,,,,
816,,,,,,,,,,,,
817,,,,,,,,,,,,
818,,,,,,,,,,,,
819,,,,,,,,,,,,
820,,,,,,,,,,,,
821,,,,,,,,,,,,
822,,,,,,,,,,,,
823,,,,,,,,,,,,
824,,,,,,,,,,,,
825,,,,,,,,,,,,
826,,,,,,,,,,,,
827,,,,,,,,,,,,
828,,,,,,,,,,,,
829,,,,,,,,,,,,
830,,,,,,,,,,,,
831,,,,,,,,,,,,
832,,,,,,,,,,,,
833,,,,,,,,,,,,
834,,,,,,,,,,,,
835,,,,,,,,,,,,
836,,,,,,,,,,,,
837,,,,,,,,,,,,
838,,,,,,,,,,,,
839,,,,,,,,,,,,
840,,,,,,,,,,,,
841,,,,,,,,,,,,
842,,,,,,,,,,,,
843,,,,,,,,,,,,
844,,,,,,,,,,,,
845,,,,,,,,,,,,
846,,,,,,,,,,,,
847,,,,,,,,,,,,
848,,,,,,,,,,,,
849,,,,,,,,,,,,
850,,,,,,,,,,,,
851,,,,,,,,,,,,
852,,,,,,,,,,,,
853,,,,,,,,,,,,
854,,,,,,,,,,,,
855,,,,,,,,,,,,
856,,,,,,,,,,,,
857,,,,,,,,,,,,
858,,,,,,,,,,,,
859,,,,,,,,,,,,
860,,,,,,,,,,,,
861,,,,,,,,,,,,
862,,,,,,,,,,,,
863,,,,,,,,,,,,
864,,,,,,,,,,,,
865,,,,,,,,,,,,
866,,,,,,,,,,,,
867,,,,,,,,,,,,
868,,,,,,,,,,,,
